{
    "hero": {
        "spawn_point": {
            "location": {
                "x": -400,
                "y": 37.8,
                "z": 0.28
            },
            "rotation": {
                "pitch": 0.0,
                "yaw": -0.368408,
                "roll": 0.0
            }
        },
        "way_points": [
            {
                "x": 300,
                "y": 37.8,
                "z": 0.281942
            },
            {
                "x": -380,
                "y": 37.8,
                "z": 0.281942
            }
        ],
        "target_speed": {
            "min": 70,
            "max": 90,
            "value": 76.85544763819297
        }
    },
    "other1": {
        "spawn_point": {
            "location": {
                "x": -342,
                "y": 37.8,
                "z": 0.28
            },
            "rotation": {
                "pitch": 0.0,
                "yaw": -0.368408,
                "roll": 0.0
            }
        },
        "way_points": [
            {
                "x": -320,
                "y": 37.8,
                "z": 0.281942
            },
            {
                "x": 300,
                "y": 37.8,
                "z": 0.281942
            }
        ],
        "target_speed": {
            "min": 70,
            "max": 90,
            "value": 75.2697820649001
        }
    },
    "other2": {
        "spawn_point": {
            "location": {
                "x": 0.147202,
                "y": 37.8,
                "z": 11.213045
            },
            "rotation": {
                "pitch": -1.1882,
                "yaw": 0.977946,
                "roll": -0.179993
            }
        },
        "way_points": [
            {
                "x": -380,
                "y": 37.8,
                "z": 0.281942
            },
            {
                "x": 300,
                "y": 37.8,
                "z": 0.281942
            }
        ],
        "target_speed": {
            "min": 0,
            "max": 20,
            "value": 8.36069162330614
        }
    }
}